{
    "IP": [
        "102.136.197.52",
        "6.61.104.6",
        "227.237.16.181",
        "194.181.159.188",
        "161.155.158.172",
        "201.52.76.55",
        "9.225.144.162"
    ],
    "Grab": {
        "161.155.158.172": [
            1614320933.48065
        ],
        "9.225.144.162": [
            1614320936.049819
        ]
    },
    "Deliveroo": {
        "9.225.144.162": [
            1614320933.914075
        ],
        "227.237.16.181": [
            1614320936.85939
        ]
    },
    "Uber": {
        "194.181.159.188": [
            1614320934.732492
        ],
        "102.136.197.52": [
            1614320937.567774
        ]
    },
    "Google": {
        "102.136.197.52": [
            1614320935.493736
        ],
        "6.61.104.6": [
            1614320937.8327072
        ]
    },
    "Gofood": {
        "227.237.16.181": [
            1614320935.841148
        ],
        "201.52.76.55": [
            1614320937.911493
        ]
    }
}