{
    "IP": [
        "37.133.109.170",
        "206.79.45.223",
        "136.171.167.74",
        "132.75.209.197",
        "245.130.19.30",
        "61.117.105.105"
    ],
    "Grab": {
        "245.130.19.30": [
            1614320727.6790211
        ],
        "61.117.105.105": [
            1614320730.515081
        ]
    },
    "Deliveroo": {
        "136.171.167.74": [
            1614320728.429166
        ],
        "37.133.109.170": [
            1614320731.0030441
        ]
    },
    "Uber": {
        "206.79.45.223": [
            1614320728.516618
        ],
        "132.75.209.197": [
            1614320731.385511
        ]
    },
    "Google": {
        "136.171.167.74": [
            1614320729.27681
        ],
        "37.133.109.170": [
            1614320731.52475
        ]
    },
    "Gofood": {
        "245.130.19.30": [
            1614320730.19991
        ],
        "136.171.167.74": [
            1614320732.177001
        ]
    }
}